{"cameraMode":{"drawMode":0,"name":"Shaded","section":"Shading Mode"},"sceneLighting":false,"audioPlay":false,"sceneViewState":{"showFog":true,"showMaterialUpdate":false,"showSkybox":true,"showFlares":true,"showImageEffects":true,"showParticleSystems":true},"in2DMode":false,"pivot":{"x":0.2764365077018738,"y":0.5117583274841309,"z":-3.7398414611816408},"rotation":{"x":0.022313587367534639,"y":0.9778686165809631,"z":-0.15107597410678864,"w":0.14322373270988465},"size":3.1091179847717287,"orthographic":false}