{"cameraMode":{"drawMode":0,"name":"Shaded","section":"Shading Mode"},"sceneLighting":false,"audioPlay":false,"sceneViewState":{"showFog":true,"showMaterialUpdate":false,"showSkybox":true,"showFlares":true,"showImageEffects":true,"showParticleSystems":true},"in2DMode":false,"pivot":{"x":-0.582115888595581,"y":0.14945201575756074,"z":-3.0941386222839357},"rotation":{"x":0.022313587367534639,"y":0.9778686165809631,"z":-0.15107597410678864,"w":0.14322373270988465},"size":0.5591905117034912,"orthographic":false}